t,raw,filtered
0.000000,1.091415,1.091415
0.001000,0.749808,1.023094
0.002000,1.342692,1.087013
0.003000,1.443973,1.158405
0.004000,0.604901,1.047704
0.005000,0.809346,1.000033
0.006000,1.228563,1.045739
0.007000,1.066931,1.049977
0.008000,1.112517,1.062485
0.009000,0.805890,1.011166
0.010000,1.263819,1.061697
0.011000,1.171534,1.083664
0.012000,0.902252,1.047382
0.013000,1.176369,1.073179
0.014000,0.950041,1.048552
0.015000,0.542212,0.947284
0.016000,0.920414,0.941910
0.017000,0.550532,0.863634
0.018000,1.145978,0.920103
0.019000,0.923219,0.920726
0.020000,0.944541,0.925489
0.021000,0.857525,0.911896
0.022000,1.484319,1.026381
0.023000,1.115445,1.044194
0.024000,1.061713,1.047698
0.025000,1.094360,1.057030
0.026000,1.349904,1.115605
0.027000,1.271437,1.146771
0.028000,1.241377,1.165692
0.029000,1.191050,1.170764
0.030000,1.642494,1.265110
0.031000,0.816272,1.175342
0.032000,0.728770,1.086028
0.033000,0.594065,0.987635
0.034000,0.994583,0.989025
0.035000,1.138692,1.018958
0.036000,0.775604,0.970287
0.037000,0.586150,0.893460
0.038000,0.635099,0.841788
0.039000,1.133374,0.900105
0.040000,1.222976,0.964679
0.041000,1.224750,1.016693
0.042000,0.917904,0.996936
0.043000,1.231452,1.043839
0.044000,1.225217,1.080114
0.045000,1.265607,1.117213
0.046000,1.451640,1.184098
0.047000,1.228882,1.193055
0.048000,1.321231,1.218690
0.049000,1.082077,1.191368
0.050000,1.086736,1.170441
0.051000,1.127583,1.161870
0.052000,0.445296,1.018555
0.053000,0.742295,0.963303
0.054000,0.668677,0.904378
0.055000,0.608337,0.845170
0.056000,0.727246,0.821585
0.057000,1.286679,0.914604
0.058000,0.622694,0.856222
0.059000,1.228680,0.930713
0.060000,0.495139,0.843599
0.061000,0.961338,0.867146
0.062000,1.166383,0.926994
0.063000,1.337670,1.009129
0.064000,1.403579,1.088019
0.065000,1.438004,1.158016
0.066000,1.085594,1.143532
0.067000,1.023098,1.119445
0.068000,1.374950,1.170546
0.069000,1.004412,1.137319
0.070000,0.617294,1.033314
0.071000,0.598210,0.946293
0.072000,0.606607,0.878356
0.073000,0.987345,0.900154
0.074000,0.852516,0.890626
0.075000,1.007146,0.913930
0.076000,0.681613,0.867467
0.077000,0.885759,0.871125
0.078000,1.070120,0.910924
0.079000,0.845393,0.897818
0.080000,1.137033,0.945661
0.081000,0.863226,0.929174
0.082000,1.008641,0.945067
0.083000,1.047282,0.965510
0.084000,0.831459,0.938700
0.085000,1.346092,1.020178
0.086000,1.049391,1.026021
0.087000,1.165552,1.053927
0.088000,1.261781,1.095498
0.089000,1.195763,1.115551
0.090000,1.199616,1.132364
0.091000,0.908651,1.087621
0.092000,0.755453,1.021188
0.093000,0.814281,0.979806
0.094000,0.303588,0.844563
0.095000,0.365866,0.748823
0.096000,0.412979,0.681655
0.097000,0.539023,0.653128
0.098000,1.002375,0.722978
0.099000,0.666553,0.711693
0.100000,-1.113449,0.346664
0.101000,-0.548428,0.167646
0.102000,-0.989322,-0.063748
0.103000,-0.616942,-0.174387
0.104000,-1.089874,-0.357484
0.105000,-0.861631,-0.458313
0.106000,-1.094795,-0.585610
0.107000,-0.939907,-0.656469
0.108000,-0.630351,-0.651246
0.109000,-1.456393,-0.812275
0.110000,-0.869673,-0.823755
0.111000,-0.990483,-0.857100
0.112000,-1.295802,-0.944841
0.113000,-1.595621,-1.074997
0.114000,-1.168572,-1.093712
0.115000,-1.358848,-1.146739
0.116000,-1.120408,-1.141473
0.117000,-1.155248,-1.144228
0.118000,-0.637023,-1.042787
0.119000,-1.133610,-1.060952
0.120000,-1.307049,-1.110171
0.121000,-0.884414,-1.065020
0.122000,-0.816444,-1.015305
0.123000,-0.430440,-0.898332
0.124000,-0.559255,-0.830516
0.125000,-0.692939,-0.803001
0.126000,-0.370798,-0.716560
0.127000,-1.194826,-0.812213
0.128000,-1.074368,-0.864644
0.129000,-1.216169,-0.934949
0.130000,-1.116943,-0.971348
0.131000,-1.474809,-1.072040
0.132000,-0.927012,-1.043035
0.133000,-1.228470,-1.080122
0.134000,-1.631453,-1.190388
0.135000,-1.504674,-1.253245
0.136000,-1.096157,-1.221828
0.137000,-0.910365,-1.159535
0.138000,-0.518538,-1.031336
0.139000,-0.187645,-0.862598
0.140000,-0.875677,-0.865213
0.141000,-1.235058,-0.939182
0.142000,-1.522057,-1.055757
0.143000,-0.757883,-0.996183
0.144000,-1.053671,-1.007680
0.145000,-0.924607,-0.991066
0.146000,-0.993418,-0.991536
0.147000,-0.880434,-0.969316
0.148000,-0.562649,-0.887982
0.149000,-0.891082,-0.888602
0.150000,-1.047590,-0.920400
0.151000,-1.372500,-1.010820
0.152000,-1.619962,-1.132648
0.153000,-1.307696,-1.167658
0.154000,-1.206346,-1.175395
0.155000,-0.669621,-1.074241
0.156000,-1.151129,-1.089618
0.157000,-0.866982,-1.045091
0.158000,-1.267346,-1.089542
0.159000,-1.417287,-1.155091
0.160000,-1.289535,-1.181980
0.161000,-1.155764,-1.176737
0.162000,-0.243902,-0.990170
0.163000,-1.084613,-1.009058
0.164000,-0.558242,-0.918895
0.165000,-1.070878,-0.949292
0.166000,-0.530317,-0.865497
0.167000,-0.722711,-0.836940
0.168000,-0.929434,-0.855439
0.169000,-0.950425,-0.874436
0.170000,-1.196436,-0.938836
0.171000,-0.927982,-0.936665
0.172000,-1.254052,-1.000143
0.173000,-1.529485,-1.106011
0.174000,-1.573593,-1.199528
0.175000,-1.148224,-1.189267
0.176000,-0.716484,-1.094710
0.177000,-1.113806,-1.098529
0.178000,-1.153149,-1.109453
0.179000,-0.976056,-1.082774
0.180000,-0.608199,-0.987859
0.181000,-0.872382,-0.964764
0.182000,-1.005721,-0.972955
0.183000,-0.506310,-0.879626
0.184000,-0.681162,-0.839933
0.185000,-0.339273,-0.739801
0.186000,-0.754818,-0.742805
0.187000,-1.205537,-0.835351
0.188000,-1.292891,-0.926859
0.189000,-0.442918,-0.830071
0.190000,-0.482900,-0.760637
0.191000,-1.115659,-0.831641
0.192000,-1.232513,-0.911816
0.193000,-0.723370,-0.874126
0.194000,-1.522325,-1.003766
0.195000,-1.468418,-1.096697
0.196000,-0.997213,-1.076800
0.197000,-1.280185,-1.117477
0.198000,-1.119094,-1.117800
0.199000,-1.110836,-1.116408
0.200000,1.101272,-0.672872
0.201000,1.484048,-0.241488
0.202000,1.144733,0.035756
0.203000,1.354985,0.299602
0.204000,0.575160,0.354714
0.205000,1.185384,0.520848
0.206000,0.937242,0.604127
0.207000,0.796159,0.642533
0.208000,0.854111,0.684849
0.209000,0.961566,0.740192
0.210000,1.274771,0.847108
0.211000,0.540279,0.785742
0.212000,0.891632,0.806920
0.213000,0.692946,0.784125
0.214000,0.711487,0.769598
0.215000,1.100827,0.835844
0.216000,0.971223,0.862919
0.217000,1.239416,0.938219
0.218000,0.836091,0.917793
0.219000,0.729414,0.880117
0.220000,0.932842,0.890662
0.221000,1.134552,0.939440
0.222000,1.170529,0.985658
0.223000,0.836487,0.955824
0.224000,1.217358,1.008131
0.225000,1.268468,1.060198
0.226000,1.945454,1.237249
0.227000,1.724857,1.334771
0.228000,0.861584,1.240134
0.229000,0.975588,1.187225
0.230000,0.560967,1.061973
0.231000,0.760984,1.001775
0.232000,0.977124,0.996845
0.233000,1.199953,1.037467
0.234000,0.591064,0.948186
0.235000,0.603756,0.879300
0.236000,0.165602,0.736561
0.237000,0.789397,0.747128
0.238000,0.563719,0.710446
0.239000,0.779365,0.724230
0.240000,0.736942,0.726772
0.241000,1.033525,0.788123
0.242000,0.590239,0.748546
0.243000,0.721690,0.743175
0.244000,1.828985,0.960337
0.245000,0.813773,0.931024
0.246000,0.861176,0.917054
0.247000,1.712877,1.076219
0.248000,1.989077,1.258791
0.249000,0.710333,1.149099
0.250000,0.889525,1.097184
0.251000,1.040663,1.085880
0.252000,1.401052,1.148914
0.253000,0.542139,1.027559
0.254000,0.736205,0.969289
0.255000,1.033201,0.982071
0.256000,0.940219,0.973701
0.257000,0.725350,0.924031
0.258000,0.842296,0.907684
0.259000,0.525728,0.831292
0.260000,0.928548,0.850744
0.261000,0.981887,0.876972
0.262000,1.187208,0.939019
0.263000,0.995205,0.950257
0.264000,1.331673,1.026540
0.265000,1.503815,1.121995
0.266000,1.236840,1.144964
0.267000,1.267330,1.169437
0.268000,1.133504,1.162251
0.269000,1.061829,1.142166
0.270000,0.783533,1.070440
0.271000,1.033145,1.062981
0.272000,0.853257,1.021036
0.273000,1.466147,1.110058
0.274000,1.281795,1.144405
0.275000,0.915754,1.098675
0.276000,0.580872,0.995115
0.277000,0.504473,0.896986
0.278000,1.239786,0.965546
0.279000,1.017021,0.975841
0.280000,1.144043,1.009482
0.281000,0.538428,0.915271
0.282000,1.395789,1.011374
0.283000,1.298130,1.068726
0.284000,0.857082,1.026397
0.285000,1.058543,1.032826
0.286000,1.269326,1.080126
0.287000,1.177543,1.099609
0.288000,1.029906,1.085669
0.289000,1.030757,1.074686
0.290000,0.924407,1.044631
0.291000,0.983965,1.032497
0.292000,1.323891,1.090776
0.293000,0.068199,0.886261
0.294000,0.738734,0.856755
0.295000,0.852954,0.855995
0.296000,0.898587,0.864514
0.297000,0.726622,0.836935
0.298000,0.355426,0.740633
0.299000,1.036595,0.799826
0.300000,-0.481795,0.543502
0.301000,-1.398355,0.155130
0.302000,-0.623295,-0.000555
0.303000,-0.936754,-0.187795
0.304000,-0.828186,-0.315873
0.305000,-1.115870,-0.475872
0.306000,-0.910126,-0.562723
0.307000,-0.448183,-0.539815
0.308000,-0.707646,-0.573381
0.309000,-0.418503,-0.542406
0.310000,-0.646776,-0.563280
0.311000,-0.930077,-0.636639
0.312000,-0.594377,-0.628187
0.313000,-1.030105,-0.708570
0.314000,-0.941815,-0.755219
0.315000,-1.288971,-0.861970
0.316000,-1.170248,-0.923625
0.317000,-1.371031,-1.013107
0.318000,-0.820682,-0.974622
0.319000,-1.415294,-1.062756
0.320000,-0.765295,-1.003264
0.321000,-0.995392,-1.001690
0.322000,-0.531069,-0.907565
0.323000,-0.612936,-0.848640
0.324000,-0.263595,-0.731631
0.325000,-0.580768,-0.701458
0.326000,-1.281401,-0.817447
0.327000,-0.858283,-0.825614
0.328000,-1.234045,-0.907300
0.329000,-1.093681,-0.944576
0.330000,-0.546631,-0.864987
0.331000,-0.870543,-0.866098
0.332000,-1.327236,-0.958326
0.333000,-1.465919,-1.059845
0.334000,-1.180377,-1.083951
0.335000,-1.564968,-1.180155
0.336000,-1.391553,-1.222434
0.337000,-1.068201,-1.191588
0.338000,-0.770963,-1.107463
0.339000,-0.879175,-1.061805
0.340000,-1.687387,-1.186921
0.341000,-0.846887,-1.118915
0.342000,-0.860833,-1.067298
0.343000,-0.714030,-0.996645
0.344000,-0.324926,-0.862301
0.345000,-1.418971,-0.973635
0.346000,-0.987120,-0.976332
0.347000,-0.660925,-0.913251
0.348000,-1.356921,-1.001985
0.349000,-0.495412,-0.900670
0.350000,-0.889493,-0.898435
0.351000,-0.807828,-0.880313
0.352000,-1.288840,-0.962019
0.353000,-0.917674,-0.953150
0.354000,-0.869670,-0.936454
0.355000,-1.130137,-0.975190
0.356000,-1.119891,-1.004131
0.357000,-1.080700,-1.019444
0.358000,-1.376561,-1.090868
0.359000,-1.106062,-1.093907
0.360000,-1.045757,-1.084277
0.361000,-0.823178,-1.032057
0.362000,-0.582496,-0.942145
0.363000,-1.155757,-0.984867
0.364000,-0.847291,-0.957352
0.365000,-0.355563,-0.836994
0.366000,-1.032865,-0.876168
0.367000,-1.084872,-0.917909
0.368000,-0.821751,-0.898678
0.369000,-0.684881,-0.855918
0.370000,-0.996572,-0.884049
0.371000,-0.663115,-0.839862
0.372000,-0.860519,-0.843994
0.373000,-0.909257,-0.857046
0.374000,-1.023976,-0.890432
0.375000,-0.501704,-0.812687
0.376000,-1.251760,-0.900501
0.377000,-1.762860,-1.072973
0.378000,-0.636281,-0.985635
0.379000,-1.199113,-1.028330
0.380000,-0.967636,-1.016191
0.381000,-0.545331,-0.922019
0.382000,-1.363121,-1.010240
0.383000,-1.213691,-1.050930
0.384000,-1.290172,-1.098778
0.385000,-1.038241,-1.086671
0.386000,-0.677898,-1.004916
0.387000,-0.680940,-0.940121
0.388000,-0.799561,-0.912009
0.389000,-1.362026,-1.002012
0.390000,-1.693031,-1.140216
0.391000,-1.045497,-1.121272
0.392000,-1.259090,-1.148836
0.393000,-1.023988,-1.123866
0.394000,-0.979625,-1.095018
0.395000,-1.158528,-1.107720
0.396000,-0.962171,-1.078610
0.397000,-1.093040,-1.081496
0.398000,-0.958538,-1.056905
0.399000,-1.273205,-1.100165
0.400000,0.946117,-0.690908
0.401000,1.120836,-0.328559
0.402000,1.363716,0.009896
0.403000,1.043681,0.216653
0.404000,1.346561,0.442634
0.405000,1.120248,0.578157
0.406000,1.154949,0.693515
0.407000,1.410659,0.836944
0.408000,0.519639,0.773483
0.409000,0.672862,0.753359
0.410000,0.555344,0.713756
0.411000,0.238112,0.618627
0.412000,0.678964,0.630695
0.413000,1.063027,0.717161
0.414000,0.724323,0.718593
0.415000,0.859337,0.746742
0.416000,1.136554,0.824705
0.417000,1.236502,0.907064
0.418000,0.861702,0.897992
0.419000,1.344272,0.987248
0.420000,1.027638,0.995326
0.421000,0.810584,0.958377
0.422000,0.939237,0.954549
0.423000,0.717642,0.907168
0.424000,0.923771,0.910488
0.425000,1.092595,0.946910
0.426000,1.431287,1.043785
0.427000,1.678034,1.170635
0.428000,0.702903,1.077089
0.429000,1.179652,1.097601
0.430000,0.687837,1.015648
0.431000,1.080606,1.028640
0.432000,0.843117,0.991535
0.433000,0.288925,0.851013
0.434000,1.088278,0.898466
0.435000,0.618500,0.842473
0.436000,0.649619,0.803902
0.437000,0.517271,0.746576
0.438000,0.686158,0.734492
0.439000,1.066564,0.800907
0.440000,0.943227,0.829371
0.441000,1.160402,0.895577
0.442000,1.226134,0.961688
0.443000,1.558002,1.080951
0.444000,1.087375,1.082236
0.445000,0.756943,1.017177
0.446000,1.510378,1.115818
0.447000,1.062357,1.105125
0.448000,1.451935,1.174487
0.449000,1.176817,1.174953
0.450000,0.960659,1.132095
0.451000,1.042829,1.114241
0.452000,1.467747,1.184942
0.453000,1.461291,1.240212
0.454000,0.830603,1.158290
0.455000,0.848057,1.096244
0.456000,1.132661,1.103527
0.457000,0.584498,0.999721
0.458000,0.982364,0.996250
0.459000,0.930438,0.983088
0.460000,1.094172,1.005304
0.461000,0.811793,0.966602
0.462000,0.640687,0.901419
0.463000,0.539908,0.829117
0.464000,0.854996,0.834293
0.465000,1.062397,0.879914
0.466000,1.102254,0.924382
0.467000,1.742973,1.088100
0.468000,1.449355,1.160351
0.469000,0.773176,1.082916
0.470000,1.104313,1.087195
0.471000,0.816073,1.032971
0.472000,0.797134,0.985804
0.473000,0.893794,0.967402
0.474000,0.995540,0.973029
0.475000,0.698222,0.918068
0.476000,1.128944,0.960243
0.477000,0.495615,0.867318
0.478000,0.884345,0.870723
0.479000,1.717499,1.040078
0.480000,1.066924,1.045447
0.481000,1.491768,1.134712
0.482000,1.145013,1.136772
0.483000,1.336037,1.176625
0.484000,1.173176,1.175935
0.485000,1.148878,1.170524
0.486000,0.956367,1.127692
0.487000,1.290894,1.160333
0.488000,0.862096,1.100685
0.489000,1.261479,1.132844
0.490000,1.325586,1.171393
0.491000,1.048156,1.146745
0.492000,0.796568,1.076710
0.493000,0.974386,1.056245
0.494000,0.717187,0.988433
0.495000,1.080664,1.006880
0.496000,0.260367,0.857577
0.497000,0.737514,0.833564
0.498000,0.285199,0.723891
0.499000,0.489678,0.677049
0.500000,-0.590841,0.423471
0.501000,-0.669641,0.204848
0.502000,-1.098287,-0.055779
0.503000,-1.288948,-0.302413
0.504000,-1.699147,-0.581759
0.505000,-0.963049,-0.658017
0.506000,-0.083664,-0.543147
0.507000,-0.707731,-0.576064
0.508000,-1.050315,-0.670914
0.509000,-0.798673,-0.696466
0.510000,-1.468288,-0.850830
0.511000,-1.151000,-0.910864
0.512000,-1.087714,-0.946234
0.513000,-1.187634,-0.994514
0.514000,-0.952969,-0.986205
0.515000,-1.096606,-1.008285
0.516000,-0.989713,-1.004571
0.517000,-1.368315,-1.077320
0.518000,-0.848212,-1.031498
0.519000,-0.573122,-0.939823
0.520000,-1.291045,-1.010067
0.521000,-1.204505,-1.048955
0.522000,-0.481708,-0.935506
0.523000,-0.895600,-0.927524
0.524000,-0.388642,-0.819748
0.525000,-0.932761,-0.842351
0.526000,-0.373275,-0.748536
0.527000,-0.798751,-0.758579
0.528000,-0.804974,-0.767858
0.529000,-0.468781,-0.708042
0.530000,-1.108531,-0.788140
0.531000,-1.344140,-0.899340
0.532000,-1.252126,-0.969897
0.533000,-1.026103,-0.981139
0.534000,-1.659939,-1.116899
0.535000,-1.008759,-1.095271
0.536000,-1.351843,-1.146585
0.537000,-0.817460,-1.080760
0.538000,-1.835835,-1.231775
0.539000,-1.297773,-1.244975
0.540000,-1.505940,-1.297168
0.541000,-1.186065,-1.274947
0.542000,-0.808143,-1.181587
0.543000,-0.891965,-1.123662
0.544000,-0.885802,-1.076090
0.545000,-0.847755,-1.030423
0.546000,-0.748772,-0.974093
0.547000,-1.140757,-1.007426
0.548000,-0.670388,-0.940018
0.549000,-0.739397,-0.899894
0.550000,-0.884489,-0.896813
0.551000,-0.894843,-0.896419
0.552000,-1.028632,-0.922862
0.553000,-0.551281,-0.848545
0.554000,-1.216340,-0.922104
0.555000,-1.292125,-0.996109
0.556000,-1.416270,-1.080141
0.557000,-1.471482,-1.158409
0.558000,-1.490899,-1.224907
0.559000,-1.328443,-1.245614
0.560000,-1.021204,-1.200732
0.561000,-0.837908,-1.128167
0.562000,-0.867100,-1.075954
0.563000,-1.067857,-1.074335
0.564000,-0.539733,-0.967414
0.565000,-0.578176,-0.889567
0.566000,-0.857683,-0.883190
0.567000,-1.034071,-0.913366
0.568000,-0.717915,-0.874276
0.569000,-0.881805,-0.875782
0.570000,-1.434438,-0.987513
0.571000,-1.082197,-1.006450
0.572000,-1.038946,-1.012949
0.573000,-1.431712,-1.096702
0.574000,-1.133258,-1.104013
0.575000,-1.636447,-1.210500
0.576000,-0.789355,-1.126271
0.577000,-0.787418,-1.058500
0.578000,-1.193312,-1.085463
0.579000,-0.952767,-1.058924
0.580000,-1.722977,-1.191734
0.581000,-1.285101,-1.210408
0.582000,-0.970577,-1.162441
0.583000,-1.159837,-1.161921
0.584000,-0.595470,-1.048630
0.585000,-0.200811,-0.879067
0.586000,-1.162773,-0.935808
0.587000,-1.089436,-0.966534
0.588000,-0.811808,-0.935588
0.589000,-0.454862,-0.839443
0.590000,-1.366712,-0.944897
0.591000,-0.987093,-0.953336
0.592000,-0.571167,-0.876902
0.593000,-1.657331,-1.032988
0.594000,-1.574532,-1.141297
0.595000,-1.327082,-1.178454
0.596000,-1.346388,-1.212041
0.597000,-0.918023,-1.153237
0.598000,-1.045059,-1.131602
0.599000,-1.594292,-1.224140
0.600000,1.154623,-0.748387
0.601000,0.888542,-0.421001
0.602000,1.499891,-0.036823
0.603000,0.973527,0.165247
0.604000,0.999227,0.332043
0.605000,1.362339,0.538102
0.606000,1.419089,0.714300
0.607000,1.296233,0.830686
0.608000,0.611878,0.786925
0.609000,1.223214,0.874183
0.610000,0.689708,0.837288
0.611000,1.008779,0.871586
0.612000,0.455323,0.788333
0.613000,0.972093,0.825085
0.614000,0.567809,0.773630
0.615000,0.415210,0.701946
0.616000,1.023935,0.766344
0.617000,0.910690,0.795213
0.618000,0.698250,0.775821
0.619000,1.373550,0.895366
0.620000,0.867804,0.889854
0.621000,1.071436,0.926170
0.622000,1.198231,0.980583
0.623000,0.975904,0.979647
0.624000,1.331552,1.050028
0.625000,1.039964,1.048015
0.626000,1.066720,1.051756
0.627000,1.570596,1.155524
0.628000,0.805381,1.085496
0.629000,0.337969,0.935990
0.630000,1.483281,1.045448
0.631000,1.702995,1.176958
0.632000,0.760862,1.093739
0.633000,0.257145,0.926420
0.634000,0.716644,0.884465
0.635000,0.714133,0.850398
0.636000,0.752812,0.830881
0.637000,0.504180,0.765541
0.638000,1.056311,0.823695
0.639000,1.095549,0.878066
0.640000,0.551678,0.812788
0.641000,1.271562,0.904543
0.642000,1.733363,1.070307
0.643000,1.213391,1.098924
0.644000,1.089014,1.096942
0.645000,1.157399,1.109033
0.646000,1.374788,1.162184
0.647000,0.642602,1.058268
0.648000,1.166874,1.079989
0.649000,0.944664,1.052924
0.650000,1.554348,1.153209
0.651000,0.885945,1.099756
0.652000,1.382809,1.156367
0.653000,0.507074,1.026508
0.654000,0.985966,1.018400
0.655000,0.895820,0.993884
0.656000,0.549075,0.904922
0.657000,0.891415,0.902221
0.658000,1.246199,0.971016
0.659000,0.841059,0.945025
0.660000,0.492411,0.854502
0.661000,1.056535,0.894909
0.662000,0.846830,0.885293
0.663000,1.059101,0.920055
0.664000,1.165735,0.969191
0.665000,0.688304,0.913013
0.666000,0.705514,0.871514
0.667000,1.306423,0.958495
0.668000,0.960741,0.958945
0.669000,0.292380,0.825632
0.670000,1.235453,0.907596
0.671000,1.019908,0.930058
0.672000,0.668281,0.877703
0.673000,0.443148,0.790792
0.674000,1.060531,0.844740
0.675000,0.904805,0.856753
0.676000,1.524569,0.990316
0.677000,0.964253,0.985104
0.678000,0.998754,0.987834
0.679000,0.888118,0.967891
0.680000,1.245033,1.023319
0.681000,1.249329,1.068521
0.682000,1.493075,1.153432
0.683000,1.005407,1.123827
0.684000,1.059589,1.110979
0.685000,1.056269,1.100037
0.686000,1.427452,1.165520
0.687000,1.611316,1.254679
0.688000,0.979905,1.199725
0.689000,0.934371,1.146654
0.690000,1.094223,1.136168
0.691000,0.864468,1.081828
0.692000,1.168059,1.099074
0.693000,0.162663,0.911792
0.694000,0.561777,0.841789
0.695000,0.565275,0.786486
0.696000,0.113682,0.651925
0.697000,0.549105,0.631361
0.698000,0.607896,0.626668
0.699000,0.877865,0.676908
0.700000,-0.666110,0.408304
0.701000,-1.011715,0.124300
0.702000,-1.191687,-0.138897
0.703000,-0.855283,-0.282174
0.704000,-0.495037,-0.324747
0.705000,-1.092788,-0.478355
0.706000,-1.082961,-0.599276
0.707000,-0.670632,-0.613547
0.708000,-0.948904,-0.680619
0.709000,-0.743951,-0.693285
0.710000,-1.004094,-0.755447
0.711000,-0.851304,-0.774618
0.712000,-1.428080,-0.905311
0.713000,-1.165429,-0.957334
0.714000,-1.253418,-1.016551
0.715000,-1.564767,-1.126194
0.716000,-1.659255,-1.232807
0.717000,-0.956079,-1.177461
0.718000,-1.222843,-1.186538
0.719000,-1.368487,-1.222927
0.720000,-1.028854,-1.184113
0.721000,-0.599791,-1.067248
0.722000,-1.566664,-1.167132
0.723000,-1.287188,-1.191143
0.724000,-1.086655,-1.170245
0.725000,-0.361646,-1.008525
0.726000,-0.725013,-0.951823
0.727000,-0.608001,-0.883059
0.728000,-1.224491,-0.951345
0.729000,-1.274057,-1.015887
0.730000,-0.865656,-0.985841
0.731000,-1.044321,-0.997537
0.732000,-0.952935,-0.988617
0.733000,-1.218105,-1.034514
0.734000,-1.106768,-1.048965
0.735000,-1.152564,-1.069685
0.736000,-0.956881,-1.047124
0.737000,-0.919701,-1.021640
0.738000,-1.603519,-1.138016
0.739000,-1.735984,-1.257609
0.740000,-0.699476,-1.145983
0.741000,-0.581879,-1.033162
0.742000,-1.188630,-1.064256
0.743000,-1.396147,-1.130634
0.744000,-0.780078,-1.060523
0.745000,-0.520749,-0.952568
0.746000,-0.270510,-0.816156
0.747000,-0.683307,-0.789587
0.748000,-0.993958,-0.830461
0.749000,-1.206136,-0.905596
0.750000,-0.996565,-0.923790
0.751000,-1.151583,-0.969348
0.752000,-1.422077,-1.059894
0.753000,-0.547177,-0.957351
0.754000,-0.654661,-0.896813
0.755000,-0.859185,-0.889287
0.756000,-1.466466,-1.004723
0.757000,-0.905298,-0.984838
0.758000,-0.925669,-0.973004
0.759000,-0.929040,-0.964211
0.760000,-0.625100,-0.896389
0.761000,-0.747585,-0.866628
0.762000,-0.660439,-0.825390
0.763000,-0.647125,-0.789737
0.764000,-0.707551,-0.773300
0.765000,-1.335083,-0.885657
0.766000,-0.784702,-0.865466
0.767000,-1.005054,-0.893383
0.768000,-1.266395,-0.967986
0.769000,-0.433652,-0.861119
0.770000,-0.481301,-0.785155
0.771000,-0.654037,-0.758932
0.772000,-1.040993,-0.815344
0.773000,-0.756616,-0.803598
0.774000,-1.186595,-0.880198
0.775000,-1.139161,-0.931990
0.776000,-1.518253,-1.049243
0.777000,-1.042706,-1.047936
0.778000,-1.099441,-1.058237
0.779000,-1.452599,-1.137109
0.780000,-1.015359,-1.112759
0.781000,-0.962115,-1.082630
0.782000,-0.343175,-0.934739
0.783000,-0.569933,-0.861778
0.784000,-0.806355,-0.850693
0.785000,-0.725364,-0.825628
0.786000,-0.796525,-0.819807
0.787000,-0.899071,-0.835660
0.788000,-1.207171,-0.909962
0.789000,-0.983512,-0.924672
0.790000,-1.223829,-0.984504
0.791000,-1.436898,-1.074982
0.792000,-0.964191,-1.052824
0.793000,-1.044424,-1.051144
0.794000,-1.726224,-1.186160
0.795000,-1.236805,-1.196289
0.796000,-0.891501,-1.135332
0.797000,-0.844036,-1.077072
0.798000,-0.809806,-1.023619
0.799000,-1.050129,-1.028921
0.800000,0.746486,-0.673840
0.801000,0.736694,-0.391733
0.802000,1.220939,-0.069199
0.803000,1.275587,0.199759
0.804000,1.576411,0.475089
0.805000,1.529994,0.686070
0.806000,1.150543,0.778965
0.807000,0.788542,0.780880
0.808000,1.021825,0.829069
0.809000,1.126973,0.888650
0.810000,0.939375,0.898795
0.811000,0.764828,0.872002
0.812000,0.958308,0.889263
0.813000,0.687009,0.848812
0.814000,0.621369,0.803323
0.815000,0.893436,0.821346
0.816000,0.689191,0.794915
0.817000,0.911428,0.818218
0.818000,0.964404,0.847455
0.819000,0.596368,0.797238
0.820000,0.855628,0.808916
0.821000,1.493136,0.945760
0.822000,0.768933,0.910394
0.823000,0.526807,0.833677
0.824000,0.631658,0.793273
0.825000,1.208733,0.876365
0.826000,1.199486,0.940989
0.827000,1.126520,0.978096
0.828000,1.481814,1.078839
0.829000,0.259953,0.915062
0.830000,1.118780,0.955806
0.831000,1.406628,1.045970
0.832000,0.544109,0.945598
0.833000,0.724255,0.901329
0.834000,0.583921,0.837848
0.835000,0.531696,0.776617
0.836000,0.711910,0.763676
0.837000,1.266442,0.864229
0.838000,1.433659,0.978115
0.839000,0.837415,0.949975
0.840000,1.571518,1.074284
0.841000,1.072476,1.073922
0.842000,1.643664,1.187871
0.843000,1.133814,1.177059
0.844000,1.229529,1.187553
0.845000,1.309642,1.211971
0.846000,2.143867,1.398350
0.847000,1.417189,1.402118
0.848000,0.905378,1.302770
0.849000,1.352503,1.312717
0.850000,0.891450,1.228463
0.851000,0.791272,1.141025
0.852000,1.155023,1.143825
0.853000,0.847522,1.084564
0.854000,0.893361,1.046324
0.855000,0.804196,0.997898
0.856000,0.910764,0.980471
0.857000,0.965686,0.977514
0.858000,0.301353,0.842282
0.859000,1.138168,0.901459
0.860000,0.705394,0.862246
0.861000,0.629114,0.815620
0.862000,1.100034,0.872503
0.863000,1.186998,0.935402
0.864000,0.982159,0.944753
0.865000,1.449310,1.045665
0.866000,0.787559,0.994043
0.867000,1.039720,1.003179
0.868000,0.942095,0.990962
0.869000,1.047827,1.002335
0.870000,1.083659,1.018600
0.871000,0.635829,0.942046
0.872000,1.099728,0.973582
0.873000,0.857097,0.950285
0.874000,0.242205,0.808669
0.875000,0.212423,0.689420
0.876000,0.806093,0.712754
0.877000,0.771906,0.724585
0.878000,0.851417,0.749951
0.879000,0.929802,0.785921
0.880000,1.067668,0.842271
0.881000,1.346098,0.943036
0.882000,0.784226,0.911274
0.883000,0.810212,0.891062
0.884000,0.862214,0.885292
0.885000,1.286675,0.965569
0.886000,1.563696,1.085194
0.887000,1.032402,1.074636
0.888000,0.367047,0.933118
0.889000,0.550606,0.856616
0.890000,0.750089,0.835310
0.891000,0.770878,0.822424
0.892000,0.759926,0.809924
0.893000,0.849771,0.817894
0.894000,0.716265,0.797568
0.895000,1.114802,0.861015
0.896000,0.606984,0.810209
0.897000,0.579501,0.764067
0.898000,1.026106,0.816475
0.899000,0.477504,0.748681
0.900000,-0.883092,0.422326
0.901000,-0.907431,0.156375
0.902000,-0.926676,-0.060235
0.903000,-0.361714,-0.120531
0.904000,-0.996451,-0.295715
0.905000,-0.181911,-0.272954
0.906000,-0.877418,-0.393847
0.907000,-1.221302,-0.559338
0.908000,-0.861467,-0.619764
0.909000,-1.261070,-0.748025
0.910000,-1.225527,-0.843525
0.911000,-0.942693,-0.863359
0.912000,-0.950882,-0.880864
0.913000,-1.348454,-0.974382
0.914000,-0.893990,-0.958303
0.915000,-0.852748,-0.937192
0.916000,-0.759321,-0.901618
0.917000,-1.002979,-0.921890
0.918000,-0.708528,-0.879218
0.919000,-1.626043,-1.028583
0.920000,-1.095372,-1.041941
0.921000,-1.198298,-1.073212
0.922000,-0.846675,-1.027905
0.923000,-1.009631,-1.024250
0.924000,-0.859636,-0.991327
0.925000,-0.235348,-0.840131
0.926000,-0.860705,-0.844246
0.927000,-0.714059,-0.818209
0.928000,-0.952124,-0.844992
0.929000,-0.915483,-0.859090
0.930000,-0.998195,-0.886911
0.931000,-0.927306,-0.894990
0.932000,-0.767965,-0.869585
0.933000,-0.667585,-0.829185
0.934000,-1.097325,-0.882813
0.935000,-1.023136,-0.910878
0.936000,-1.535471,-1.035796
0.937000,-1.188166,-1.066270
0.938000,-0.835470,-1.020110
0.939000,-0.802013,-0.976491
0.940000,-0.936517,-0.968496
0.941000,-0.672278,-0.909253
0.942000,-0.735213,-0.874445
0.943000,-0.478105,-0.795177
0.944000,-0.722981,-0.780738
0.945000,-0.906709,-0.805932
0.946000,-0.709036,-0.786553
0.947000,-1.717375,-0.972717
0.948000,-0.767577,-0.931689
0.949000,-2.032720,-1.151895
0.950000,-1.517039,-1.224924
0.951000,-0.926273,-1.165194
0.952000,-0.974298,-1.127015
0.953000,-1.510532,-1.203718
0.954000,-1.403842,-1.243743
0.955000,-0.788838,-1.152762
0.956000,-1.335420,-1.189294
0.957000,-0.488927,-1.049220
0.958000,-1.118133,-1.063003
0.959000,-0.939393,-1.038281
0.960000,-0.514938,-0.933612
0.961000,-0.898888,-0.926667
0.962000,-1.183146,-0.977963
0.963000,-0.871115,-0.956594
0.964000,-0.820472,-0.929369
0.965000,-1.209422,-0.985380
0.966000,-0.886538,-0.965611
0.967000,-1.060854,-0.984660
0.968000,-0.605136,-0.908755
0.969000,-0.927813,-0.912567
0.970000,-1.084839,-0.947021
0.971000,-1.093658,-0.976349
0.972000,-1.050620,-0.991203
0.973000,-0.976759,-0.988314
0.974000,-1.490125,-1.088676
0.975000,-1.512476,-1.173436
0.976000,-0.858808,-1.110511
0.977000,-1.285504,-1.145509
0.978000,-1.542610,-1.224929
0.979000,-0.928660,-1.165676
0.980000,-0.860989,-1.104738
0.981000,-1.397411,-1.163273
0.982000,-0.813598,-1.093338
0.983000,-0.617522,-0.998175
0.984000,-0.697473,-0.938034
0.985000,-0.610406,-0.872509
0.986000,-1.231069,-0.944221
0.987000,-0.738885,-0.903154
0.988000,-0.973229,-0.917169
0.989000,-1.083034,-0.950342
0.990000,-0.738833,-0.908040
0.991000,-0.618021,-0.850036
0.992000,-0.579246,-0.795878
0.993000,-0.767361,-0.790175
0.994000,-1.223132,-0.876766
0.995000,-1.094184,-0.920250
0.996000,-0.960164,-0.928233
0.997000,-1.125450,-0.967676
0.998000,-1.078328,-0.989806
0.999000,-0.814677,-0.954781
